{
  "type": "impala",
  "neverRecomputeExistingPartitions": false,
  "optionalDependencies": false,
  "params": {
    "runInStreamMode": true,
    "skipPrerunValidate": false
  },
  "customMeta": {
    "kv": {}
  },
  "redispatchPartitioning": false,
  "maxRunningActivities": 0,
  "variables": {},
  "dkuProperties": [],
  "inputs": {
    "main": {
      "items": [
        {
          "ref": "health_data_prepared_by_marital_status",
          "deps": []
        }
      ]
    }
  },
  "outputs": {
    "main": {
      "items": [
        {
          "ref": "healt_data_onlySingles",
          "appendMode": false
        }
      ]
    }
  },
  "labels": [],
  "versionTag": {
    "versionNumber": 1,
    "lastModifiedBy": {
      "login": "dku_u1"
    },
    "lastModifiedOn": 1624630996242
  },
  "creationTag": {
    "versionNumber": 0,
    "lastModifiedBy": {
      "login": "dku_u1"
    },
    "lastModifiedOn": 1624630984331
  },
  "tags": [],
  "customFields": {},
  "checklists": {
    "checklists": []
  }
}