{
  "type": "grouping",
  "neverRecomputeExistingPartitions": false,
  "optionalDependencies": false,
  "customMeta": {
    "kv": {}
  },
  "redispatchPartitioning": false,
  "maxRunningActivities": 0,
  "variables": {},
  "dkuProperties": [],
  "inputs": {
    "main": {
      "items": [
        {
          "ref": "orders_prepared",
          "deps": []
        }
      ]
    }
  },
  "outputs": {
    "main": {
      "items": [
        {
          "ref": "orders_prepared_by_tshirt_quantity",
          "appendMode": false
        }
      ]
    }
  },
  "labels": [],
  "versionTag": {
    "versionNumber": 1,
    "lastModifiedBy": {
      "login": "dku_u2"
    },
    "lastModifiedOn": 1624630649571
  },
  "creationTag": {
    "versionNumber": 0,
    "lastModifiedBy": {
      "login": "dku_u2"
    },
    "lastModifiedOn": 1624630617823
  },
  "tags": [],
  "customFields": {},
  "checklists": {
    "checklists": []
  }
}