{
  "pages": [
    {
      "id": "CJ41por",
      "grid": {
        "tiles": []
      },
      "showTitle": false
    }
  ],
  "owner": "dku_u1",
  "listed": true,
  "name": "healthdata\u0027s default dashboard",
  "showGrid": true,
  "versionTag": {
    "versionNumber": 0,
    "lastModifiedBy": {
      "login": "dku_u1"
    },
    "lastModifiedOn": 1624616105623
  },
  "creationTag": {
    "versionNumber": 0,
    "lastModifiedBy": {
      "login": "dku_u1"
    },
    "lastModifiedOn": 1624616105623
  },
  "tags": [],
  "customFields": {},
  "checklists": {
    "checklists": []
  }
}