{
  "pages": [
    {
      "id": "czuRKUe",
      "grid": {
        "tiles": []
      },
      "showTitle": false
    }
  ],
  "owner": "dku_u2",
  "listed": true,
  "name": "ORDERS\u0027s default dashboard",
  "showGrid": true,
  "versionTag": {
    "versionNumber": 0,
    "lastModifiedBy": {
      "login": "dku_u2"
    },
    "lastModifiedOn": 1624630500298
  },
  "creationTag": {
    "versionNumber": 0,
    "lastModifiedBy": {
      "login": "dku_u2"
    },
    "lastModifiedOn": 1624630500298
  },
  "tags": [],
  "customFields": {},
  "checklists": {
    "checklists": []
  }
}