{
  "type": "HDFS",
  "managed": true,
  "formatType": "parquet",
  "checklists": {
    "checklists": []
  },
  "checks": [],
  "customMeta": {
    "kv": {}
  },
  "flowOptions": {
    "virtualizable": false,
    "rebuildBehavior": "NORMAL",
    "crossProjectBuildBehavior": "DEFAULT"
  },
  "readWriteOptions": {
    "preserveOrder": false,
    "writeBuckets": 1,
    "forceSingleOutputFile": false,
    "defaultReadOrdering": {
      "enabled": false,
      "rules": []
    }
  },
  "formatParams": {
    "parquetLowerCaseIdentifiers": false,
    "representsNullFields": false,
    "parquetCompressionMethod": "SNAPPY",
    "parquetFlavor": "HIVE",
    "parquetBlockSizeMB": 128
  },
  "partitioning": {
    "ignoreNonMatchingFile": false,
    "considerMissingRequestedPartitionsAsEmpty": false,
    "dimensions": []
  },
  "versionTag": {
    "versionNumber": 1,
    "lastModifiedBy": {
      "login": "dku_u1"
    },
    "lastModifiedOn": 1624616224603
  },
  "creationTag": {
    "versionNumber": 0,
    "lastModifiedBy": {
      "login": "dku_u1"
    },
    "lastModifiedOn": 1624616173479
  },
  "tags": [],
  "params": {
    "metastoreSynchronizationEnabled": true,
    "hiveDatabase": "data_team_db",
    "hiveTableName": "${projectKey}_health_data_prepared",
    "connection": "hdfs_data_team",
    "path": "/${projectKey}/health_data_prepared",
    "notReadyIfEmpty": false,
    "filesSelectionRules": {
      "mode": "ALL",
      "excludeRules": [],
      "includeRules": [],
      "explicitFiles": []
    }
  },
  "schema": {
    "columns": [
      {
        "name": "admitted_ts_parsed",
        "type": "date"
      },
      {
        "name": "age",
        "type": "bigint"
      },
      {
        "name": "ambulance_call",
        "type": "bigint"
      },
      {
        "name": "blood_sugar_reading",
        "type": "bigint"
      },
      {
        "name": "days_since_last_visit",
        "type": "bigint"
      },
      {
        "name": "has_diabetes",
        "type": "bigint"
      },
      {
        "name": "hospital",
        "type": "string"
      },
      {
        "name": "hours_hospitalized",
        "type": "bigint"
      },
      {
        "name": "hydration_level",
        "type": "bigint"
      },
      {
        "name": "id",
        "type": "bigint"
      },
      {
        "name": "insulin",
        "type": "bigint"
      },
      {
        "name": "marital_status",
        "type": "string"
      },
      {
        "name": "no_primary_dr",
        "type": "boolean"
      },
      {
        "name": "patient_name",
        "type": "string"
      },
      {
        "name": "private_insurance",
        "type": "bigint"
      },
      {
        "name": "released_sameday",
        "type": "bigint"
      },
      {
        "name": "ssn",
        "type": "string"
      },
      {
        "name": "symptom_code",
        "type": "bigint"
      }
    ],
    "userModified": true
  },
  "dkuProperties": [],
  "metrics": {
    "probes": [
      {
        "type": "basic",
        "enabled": true,
        "computeOnBuildMode": "PARTITION",
        "meta": {
          "name": "Basic data",
          "level": 0
        },
        "configuration": {}
      },
      {
        "type": "records",
        "enabled": true,
        "computeOnBuildMode": "NO",
        "meta": {
          "name": "Record count",
          "level": 0
        },
        "configuration": {}
      }
    ],
    "engineConfig": {
      "padRunsWithMetrics": false,
      "hive": {
        "active": true,
        "extraConf": []
      },
      "basic": {},
      "dss": {
        "active": true,
        "selection": {
          "useMemTable": false,
          "filter": {
            "distinct": false,
            "enabled": false
          },
          "partitionSelectionMethod": "ALL",
          "latestPartitionsN": 1,
          "ordering": {
            "enabled": false,
            "rules": []
          },
          "samplingMethod": "FULL",
          "maxRecords": -1,
          "targetRatio": 0.02,
          "withinFirstN": -1,
          "maxReadUncompressedBytes": -1
        }
      },
      "sql": {
        "active": true
      },
      "impala": {
        "active": true
      },
      "spark": {
        "active": true,
        "extraConf": []
      },
      "python": {}
    },
    "displayedState": {
      "columns": [],
      "metrics": [
        "basic:COUNT_COLUMNS",
        "basic:COUNT_FILES",
        "basic:SIZE",
        "records:COUNT_RECORDS"
      ]
    }
  },
  "metricsChecks": {
    "runOnBuild": false,
    "checks": [],
    "displayedState": {
      "checks": []
    }
  },
  "customFields": {}
}